{
  "category": {
    "Composting": 0.5882352941176471,
    "Geothermal Energy": 0.5,
    "Green Building": 0.5,
    "Recycling Hub": 0.5789473684210527,
    "Solar Energy": 0.5869565217391305,
    "Tree Planting": 0.5774647887323944,
    "Water Conservation": 0.6551724137931034,
    "Wind Farm": 0.546875
  },
  "region": {
    "Africa": 0.5740740740740741,
    "Asia": 0.5483870967741935,
    "Europe": 0.5352112676056338,
    "North America": 0.5619047619047619,
    "Oceania": 0.7307692307692307,
    "South America": 0.575
  }
}