{
  "best_cv_auc": 0.8197,
  "params": {
    "xgb_n": 428,
    "xgb_depth": 3,
    "xgb_lr": 0.016474401881012922,
    "xgb_sub": 0.7556951395453736,
    "xgb_col": 0.7348705694416748,
    "xgb_mcw": 10,
    "rf_n": 298,
    "rf_depth": 10,
    "rf_leaf": 5,
    "rf_feat": "log2",
    "gb_n": 179,
    "gb_depth": 4,
    "gb_lr": 0.018493856010044794,
    "gb_sub": 0.6828300932372892,
    "lr_C": 0.04939123224352428
  }
}